{"cameraMode":{"drawMode":0,"name":"Shaded","section":"Shading Mode"},"sceneLighting":true,"audioPlay":false,"sceneViewState":{"showFog":true,"showMaterialUpdate":false,"showSkybox":true,"showFlares":true,"showImageEffects":true,"showParticleSystems":true},"in2DMode":false,"pivot":{"x":-3.506117820739746,"y":6.37822961807251,"z":1.8619308471679688},"rotation":{"x":-0.009742693044245243,"y":0.8705169558525086,"z":-0.017246713861823083,"w":-0.491741418838501},"size":7.893886089324951,"orthographic":false}