{"cameraMode":{"drawMode":0,"name":"Shaded","section":"Shading Mode"},"sceneLighting":true,"audioPlay":false,"sceneViewState":{"showFog":true,"showMaterialUpdate":false,"showSkybox":true,"showFlares":true,"showImageEffects":true,"showParticleSystems":true},"in2DMode":false,"pivot":{"x":-3.208704948425293,"y":1.9680862426757813,"z":2.9841675758361818},"rotation":{"x":-0.08324948698282242,"y":0.8458267450332642,"z":-0.13850420713424684,"w":-0.5083931684494019},"size":7.893886089324951,"orthographic":false}